S28000336,M,0,15,0,0,0,0,15,0,0,0,2,0,7,0,6,0,0,0
S28000336,M,16,24,0,135,0,2,2,3,0,67,0,0,2,3,0,293,0,61
S28000336,M,25,49,0,408,0,87,18,7,9,166,4,0,3,7,3,38,0,106
S28000336,M,50,64,0,68,0,17,3,4,1,10,0,0,0,3,1,0,0,5
S28000336,M,65,90,16,0,6,4,0,4,0,0,0,0,0,0,0,0,0,0
S28000336,F,0,15,0,0,0,0,9,0,0,0,2,0,13,0,1,0,0,0
S28000336,F,16,24,0,136,0,8,1,2,0,80,0,0,3,2,1,247,0,54
S28000336,F,25,49,0,258,0,84,19,3,2,128,4,0,9,3,6,29,0,61
S28000336,F,50,64,0,30,0,18,2,7,2,0,0,0,1,4,1,0,0,2
S28000336,F,65,90,18,0,6,0,0,0,0,1,0,0,0,1,0,0,0,0
S28000337,M,0,15,0,0,0,0,8,0,0,0,3,0,9,0,4,0,0,0
S28000337,M,16,24,0,69,0,0,0,2,0,54,0,0,2,4,2,164,0,57
S28000337,M,25,49,0,241,0,56,14,0,3,114,4,0,0,2,2,32,0,93
S28000337,M,50,64,0,23,0,4,1,2,1,6,0,0,1,1,0,0,0,6
S28000337,M,65,90,9,0,3,0,0,1,0,0,0,0,0,0,0,0,0,0
S28000337,F,0,15,0,0,0,0,12,0,0,0,2,0,4,0,3,0,0,0
S28000337,F,16,24,0,57,0,4,1,1,0,54,0,0,3,2,2,133,0,37
S28000337,F,25,49,0,93,0,53,14,0,0,77,4,0,7,2,4,29,0,42
S28000337,F,50,64,0,12,0,3,1,3,0,3,0,0,0,4,0,0,0,4
S28000337,F,65,90,10,0,3,0,0,0,0,0,0,0,0,0,1,0,0,0
S28000338,M,0,15,0,0,0,0,15,0,0,0,1,0,16,0,1,0,0,0
S28000338,M,16,24,0,39,0,1,1,0,2,29,0,1,4,3,0,149,0,55
S28000338,M,25,49,0,332,0,46,17,2,10,108,5,2,4,4,0,29,0,76
S28000338,M,50,64,0,84,0,14,1,0,3,10,1,0,1,5,0,0,0,1
S28000338,M,65,90,38,0,14,2,0,0,1,2,0,0,0,0,0,0,3,0
S28000338,F,0,15,0,0,0,0,9,0,0,0,6,0,7,0,0,0,0,0
S28000338,F,16,24,0,31,0,5,1,0,0,41,1,1,1,3,0,159,0,42
S28000338,F,25,49,0,162,0,46,18,0,2,79,5,2,12,1,2,2,0,41
S28000338,F,50,64,0,44,0,12,0,1,0,8,0,0,2,4,0,0,0,2
S28000338,F,65,90,34,0,14,0,0,0,0,1,0,0,0,3,0,0,0,3
S28000339,M,0,15,0,0,0,0,118,0,1,0,63,0,97,0,14,0,0,0
S28000339,M,16,24,0,42,0,3,30,24,0,58,8,0,24,31,6,266,0,118
S28000339,M,25,49,0,466,0,128,139,37,2,314,67,2,8,36,21,35,0,190
S28000339,M,50,64,0,197,0,82,38,44,6,33,10,4,3,16,3,0,0,19
S28000339,M,65,90,133,0,87,23,2,18,2,5,0,0,1,6,1,0,4,6
S28000339,F,0,15,0,0,0,0,126,0,0,0,57,0,84,0,23,0,0,0
S28000339,F,16,24,0,66,0,7,34,13,0,88,7,4,29,16,9,435,0,136
S28000339,F,25,49,0,428,0,127,156,27,9,272,69,1,107,41,24,53,0,173
S28000339,F,50,64,0,183,0,95,23,43,1,34,7,4,22,39,8,0,0,18
S28000339,F,65,90,230,0,85,7,1,15,0,4,0,0,0,29,2,0,7,7
S28000340,M,0,15,0,0,0,0,68,0,0,0,24,0,77,0,9,0,0,0
S28000340,M,16,24,0,101,0,7,16,14,0,71,5,2,26,24,1,148,0,97
S28000340,M,25,49,0,501,0,110,97,32,4,256,40,3,14,42,11,31,0,228
S28000340,M,50,64,0,139,0,63,12,25,0,21,0,4,2,14,5,0,0,18
S28000340,M,65,90,52,0,53,20,1,12,0,4,0,1,0,4,1,0,5,8
S28000340,F,0,15,0,0,0,0,65,0,0,0,21,0,88,0,18,0,0,0
S28000340,F,16,24,0,78,0,14,20,11,0,96,9,3,43,16,7,252,0,75
S28000340,F,25,49,0,353,0,112,97,14,0,222,37,5,103,43,14,34,0,116
S28000340,F,50,64,0,118,0,73,9,29,0,23,0,4,8,32,6,0,0,9
S28000340,F,65,90,136,0,53,1,0,7,0,1,0,2,0,25,3,0,3,4
S28000341,M,0,15,0,0,0,0,271,0,6,0,79,0,128,0,32,0,0,0
S28000341,M,16,24,0,73,0,8,71,50,0,70,8,7,30,42,13,102,0,84
S28000341,M,25,49,0,781,0,196,285,71,9,415,92,3,16,44,28,16,0,134
S28000341,M,50,64,0,353,0,150,85,104,4,38,9,10,1,21,6,0,0,11
S28000341,M,65,90,197,0,175,28,4,36,1,5,0,1,0,16,3,0,10,5
S28000341,F,0,15,0,0,0,0,258,0,1,0,70,0,102,0,26,0,0,0
S28000341,F,16,24,0,65,0,15,47,42,0,116,12,7,45,36,14,120,0,94
S28000341,F,25,49,0,606,0,184,329,57,15,363,92,8,158,55,45,26,0,196
S28000341,F,50,64,0,302,0,173,45,100,5,43,8,7,19,50,9,0,0,20
S28000341,F,65,90,521,0,177,10,2,24,0,4,0,0,0,39,11,0,7,8
S28000342,M,0,15,0,0,0,0,421,0,0,0,71,0,94,0,46,0,0,0
S28000342,M,16,24,0,39,0,0,121,69,0,21,9,5,42,34,10,53,0,58
S28000342,M,25,49,0,348,0,155,400,98,8,175,82,4,13,42,50,28,0,156
S28000342,M,50,64,0,181,0,265,131,142,13,61,12,8,6,10,19,0,0,38
S28000342,M,65,90,160,0,266,65,7,47,1,6,2,1,1,16,10,0,5,13
S28000342,F,0,15,0,0,0,0,368,0,1,0,63,0,94,0,46,0,0,0
S28000342,F,16,24,0,31,0,2,108,70,0,29,10,5,42,25,16,70,0,79
S28000342,F,25,49,0,243,0,167,451,70,9,185,81,5,118,47,63,24,0,128
S28000342,F,50,64,0,229,0,302,86,154,5,47,12,9,24,52,17,0,0,50
S28000342,F,65,90,422,0,268,14,1,25,0,0,0,1,0,43,11,0,13,16
S28000343,M,0,15,0,0,0,0,119,0,0,0,21,0,38,0,15,0,0,0
S28000343,M,16,24,0,32,0,4,33,10,0,39,7,5,15,19,3,707,0,172
S28000343,M,25,49,0,264,0,68,120,15,4,146,18,6,6,21,19,67,0,255
S28000343,M,50,64,0,68,0,41,26,23,0,12,6,5,3,4,4,1,0,25
S28000343,M,65,90,56,0,35,11,2,5,0,0,0,2,0,2,4,1,2,6
S28000343,F,0,15,0,0,0,0,111,0,0,0,16,0,53,0,22,0,0,0
S28000343,F,16,24,0,60,0,6,29,17,2,43,8,1,17,14,9,1080,0,221
S28000343,F,25,49,0,160,0,71,133,20,5,140,21,6,51,20,21,61,0,213
S28000343,F,50,64,0,68,0,46,16,21,3,7,3,5,10,25,10,1,0,25
S28000343,F,65,90,83,0,35,1,0,4,0,3,0,0,0,11,5,3,1,11
S28000344,M,0,15,0,0,0,0,257,0,0,0,65,0,43,0,39,0,0,0
S28000344,M,16,24,0,48,0,2,60,40,0,57,9,3,27,18,3,308,0,109
S28000344,M,25,49,0,549,0,231,304,43,8,413,75,9,7,33,38,29,0,276
S28000344,M,50,64,0,250,0,202,71,77,20,60,15,4,6,8,8,0,0,31
S28000344,M,65,90,152,0,143,38,5,27,0,6,1,1,0,8,3,0,1,5
S28000344,F,0,15,0,0,0,0,272,0,0,0,61,0,45,0,35,0,0,0
S28000344,F,16,24,0,43,0,4,47,40,0,70,9,4,14,11,12,475,0,165
S28000344,F,25,49,0,418,0,258,326,33,9,389,87,5,58,24,44,37,0,260
S28000344,F,50,64,0,230,0,200,54,81,3,42,6,5,13,44,8,0,0,31
S28000344,F,65,90,320,0,146,11,0,17,0,5,0,1,1,17,6,1,15,11
S28000345,M,0,15,0,0,0,0,538,0,0,0,67,0,128,0,42,0,0,0
S28000345,M,16,24,0,54,0,3,117,66,0,30,6,6,29,51,12,74,0,63
S28000345,M,25,49,0,426,0,163,504,90,1,220,75,10,11,63,40,12,0,111
S28000345,M,50,64,0,210,0,153,141,125,1,33,9,6,5,21,16,0,0,38
S28000345,M,65,90,150,0,170,35,3,48,0,4,1,0,1,15,8,0,10,14
S28000345,F,0,15,0,0,0,0,532,0,0,0,61,0,94,0,40,0,0,0
S28000345,F,16,24,0,47,0,8,111,62,0,43,17,3,52,27,19,103,0,59
S28000345,F,25,49,0,394,0,162,556,64,6,186,68,9,137,40,48,35,0,104
S28000345,F,50,64,0,225,0,175,91,121,0,34,5,11,21,68,21,0,0,25
S28000345,F,65,90,385,0,172,9,0,39,0,2,0,0,3,37,19,0,12,14
S28000346,M,0,15,0,0,0,0,267,0,0,0,93,0,236,0,62,0,0,0
S28000346,M,16,24,0,22,0,6,79,54,0,26,29,8,64,59,22,12,0,30
S28000346,M,25,49,0,329,0,106,294,86,0,120,108,15,21,104,45,2,0,105
S28000346,M,50,64,0,187,0,155,47,82,0,29,10,8,4,33,26,0,0,35
S28000346,M,65,90,198,0,211,40,3,46,0,7,0,1,0,24,6,0,14,15
S28000346,F,0,15,0,0,0,0,236,0,0,0,90,0,278,0,51,0,0,0
S28000346,F,16,24,0,14,0,9,61,38,0,24,25,6,90,37,25,25,0,26
S28000346,F,25,49,0,181,0,113,311,71,3,126,106,11,286,89,72,4,0,86
S28000346,F,50,64,0,188,0,179,30,80,1,29,7,7,31,97,28,0,0,41
S28000346,F,65,90,540,0,213,6,0,37,0,3,0,1,5,108,12,0,13,19
S28000347,M,0,15,0,0,0,0,373,0,1,0,108,0,322,0,61,0,0,0
S28000347,M,16,24,0,63,0,1,80,89,1,7,25,14,81,89,17,3,0,33
S28000347,M,25,49,0,524,0,121,365,126,4,127,128,20,43,122,49,3,0,94
S28000347,M,50,64,0,270,0,165,65,129,0,35,12,18,6,68,18,0,0,55
S28000347,M,65,90,285,0,298,42,4,54,0,4,0,1,2,27,8,0,19,23
S28000347,F,0,15,0,0,0,0,312,0,1,0,106,0,304,0,49,0,0,0
S28000347,F,16,24,0,50,0,5,95,71,1,15,29,10,114,50,28,12,0,18
S28000347,F,25,49,0,210,0,128,382,96,7,119,124,16,356,95,73,2,0,55
S28000347,F,50,64,0,259,0,180,40,121,0,39,4,13,29,105,26,0,0,52
S28000347,F,65,90,655,0,302,16,2,42,0,4,0,1,0,153,13,0,36,35
S28000348,M,0,15,0,0,0,0,233,0,0,0,73,0,220,0,83,0,0,0
S28000348,M,16,24,0,4,0,0,91,62,0,10,17,10,75,50,21,5,0,21
S28000348,M,25,49,0,188,0,58,251,118,0,60,68,13,22,85,53,1,0,58
S28000348,M,50,64,0,125,0,140,65,118,0,12,10,8,0,39,21,0,0,37
S28000348,M,65,90,129,0,165,35,1,51,0,3,0,2,0,17,10,0,5,20
S28000348,F,0,15,0,0,0,0,224,0,0,0,58,0,192,0,64,0,0,0
S28000348,F,16,24,0,9,0,1,67,47,0,12,22,10,69,43,31,0,0,20
S28000348,F,25,49,0,99,0,68,284,81,4,55,75,12,212,74,76,0,0,61
S28000348,F,50,64,0,149,0,160,32,112,0,16,3,8,26,65,29,0,0,27
S28000348,F,65,90,297,0,167,4,0,47,0,0,0,1,2,68,16,0,21,23
S28000349,M,0,15,0,0,0,0,263,0,0,0,88,0,352,0,61,0,0,0
S28000349,M,16,24,0,52,0,1,59,50,0,43,16,9,81,90,22,25,0,51
S28000349,M,25,49,0,639,0,105,254,79,1,209,111,15,23,92,45,25,0,98
S28000349,M,50,64,0,278,0,125,44,70,1,33,5,14,8,19,10,0,0,42
S28000349,M,65,90,136,0,91,11,2,26,0,2,2,0,1,14,3,0,16,12
S28000349,F,0,15,0,0,0,0,225,0,0,0,94,0,373,0,63,0,0,0
S28000349,F,16,24,0,66,0,8,55,26,0,72,26,9,162,58,37,61,0,47
S28000349,F,25,49,0,452,0,108,257,52,2,193,104,14,435,127,88,5,0,90
S28000349,F,50,64,0,238,0,119,38,67,2,26,5,10,33,67,18,0,0,26
S28000349,F,65,90,247,0,89,7,0,23,0,6,0,1,3,34,6,0,15,6
S28000350,M,0,15,0,0,0,0,571,0,0,0,136,0,273,0,61,0,0,0
S28000350,M,16,24,0,39,0,2,140,110,0,19,21,10,54,59,17,38,0,33
S28000350,M,25,49,0,507,0,143,537,119,5,151,148,11,27,84,68,6,0,77
S28000350,M,50,64,0,221,0,179,162,168,2,31,15,11,4,38,20,0,0,44
S28000350,M,65,90,226,0,205,48,2,50,1,2,1,1,0,19,9,0,14,14
S28000350,F,0,15,0,0,0,0,571,0,0,0,132,0,226,0,57,0,0,0
S28000350,F,16,24,0,29,0,10,123,77,0,30,29,4,78,43,52,35,0,51
S28000350,F,25,49,0,274,0,144,595,71,1,155,153,8,282,77,66,0,0,68
S28000350,F,50,64,0,214,0,204,102,175,1,23,7,13,38,74,24,0,0,44
S28000350,F,65,90,458,0,205,14,1,36,0,3,0,1,2,56,18,0,21,13
S28000351,M,0,15,0,0,0,0,242,0,0,0,101,0,305,0,49,0,0,0
S28000351,M,16,24,0,12,0,1,57,78,1,6,26,11,76,54,15,0,0,19
S28000351,M,25,49,0,182,0,60,241,105,2,64,119,13,29,56,44,0,0,59
S28000351,M,50,64,0,138,0,150,45,106,2,22,7,9,5,36,20,0,0,34
S28000351,M,65,90,152,0,145,24,1,32,0,0,0,2,1,15,7,0,5,11
S28000351,F,0,15,0,0,0,0,179,0,0,0,110,0,221,0,58,0,0,0
S28000351,F,16,24,0,8,0,2,90,44,1,17,15,4,101,43,27,0,0,10
S28000351,F,25,49,0,81,0,60,250,81,4,55,120,9,268,80,63,0,0,42
S28000351,F,50,64,0,156,0,169,32,103,2,20,7,7,24,68,20,0,0,36
S28000351,F,65,90,328,0,147,4,0,23,0,0,0,2,1,60,10,0,12,14
S28000352,M,0,15,0,0,0,0,132,0,0,0,113,0,427,0,56,0,0,0
S28000352,M,16,24,0,34,0,0,61,40,0,8,37,10,84,77,14,3,0,23
S28000352,M,25,49,0,298,0,27,138,67,0,40,106,12,33,97,41,0,0,38
S28000352,M,50,64,0,141,0,66,34,56,0,13,5,6,4,18,10,0,0,15
S28000352,M,65,90,84,0,43,15,3,11,0,5,0,0,0,8,6,0,5,5
S28000352,F,0,15,0,0,0,0,141,0,0,0,93,0,458,0,55,0,0,0
S28000352,F,16,24,0,38,0,1,60,10,0,12,40,5,186,37,27,6,0,22
S28000352,F,25,49,0,158,0,28,149,58,0,30,105,12,453,79,69,0,0,39
S28000352,F,50,64,0,145,0,77,21,45,0,20,4,4,22,58,23,0,0,19
S28000352,F,65,90,207,0,45,2,0,11,0,0,1,0,10,39,4,0,6,5
S28000353,M,0,15,0,0,0,0,159,0,0,0,98,0,276,0,54,0,0,0
S28000353,M,16,24,0,5,0,0,39,46,1,8,30,18,62,63,24,1,0,11
S28000353,M,25,49,0,130,0,38,180,81,0,32,105,24,14,81,42,0,0,42
S28000353,M,50,64,0,87,0,85,22,71,0,16,10,7,6,19,15,0,0,21
S28000353,M,65,90,65,0,42,17,1,11,0,3,2,4,0,10,1,0,2,5
S28000353,F,0,15,0,0,0,0,158,0,0,0,102,0,258,0,63,0,0,0
S28000353,F,16,24,0,8,0,0,45,28,0,10,28,9,98,43,31,3,0,18
S28000353,F,25,49,0,104,0,38,182,57,2,37,110,20,296,90,74,0,0,24
S28000353,F,50,64,0,131,0,98,15,71,0,14,5,7,17,57,26,0,0,15
S28000353,F,65,90,126,0,44,4,0,9,0,2,1,4,6,42,5,0,6,15
S28000354,M,0,15,0,0,0,0,14,0,0,0,3,0,3,0,1,0,0,0
S28000354,M,16,24,0,39,0,2,2,1,0,17,0,0,1,3,0,167,0,46
S28000354,M,25,49,0,104,0,18,13,1,2,34,4,0,2,3,3,20,0,85
S28000354,M,50,64,0,15,0,5,3,1,0,0,0,0,1,1,0,0,0,1
S28000354,M,65,90,4,0,6,1,0,1,0,0,0,0,0,1,0,0,0,0
S28000354,F,0,15,0,0,0,0,12,0,0,0,3,0,3,0,0,0,0,0
S28000354,F,16,24,0,44,0,2,5,0,0,25,0,0,2,0,1,263,0,43
S28000354,F,25,49,0,62,0,19,12,0,0,28,4,0,5,2,3,8,0,28
S28000354,F,50,64,0,10,0,5,2,1,0,0,0,0,0,4,1,0,0,0
S28000354,F,65,90,10,0,6,0,0,1,0,0,0,0,1,1,0,0,0,0
S28000355,M,0,15,0,0,0,0,12,0,0,0,4,0,20,0,3,0,0,0
S28000355,M,16,24,0,24,0,3,1,2,0,13,0,0,3,7,1,45,0,14
S28000355,M,25,49,0,217,0,10,15,1,0,26,5,1,1,4,3,9,0,42
S28000355,M,50,64,0,79,0,5,4,1,0,13,0,0,0,1,2,0,0,3
S28000355,M,65,90,61,0,9,3,0,1,0,0,0,0,0,0,0,0,0,1
S28000355,F,0,15,0,0,0,0,14,0,0,0,1,0,15,0,4,0,0,0
S28000355,F,16,24,0,31,0,1,3,1,0,11,1,1,4,5,6,68,0,15
S28000355,F,25,49,0,72,0,12,16,2,0,26,4,1,18,8,3,5,0,8
S28000355,F,50,64,0,25,0,6,1,2,0,5,0,0,0,6,1,0,0,1
S28000355,F,65,90,30,0,9,2,0,0,0,0,0,0,0,3,1,0,0,0
S28000356,M,0,15,0,0,0,0,204,0,1,0,103,0,258,0,51,0,0,0
S28000356,M,16,24,0,43,0,0,48,47,0,21,13,14,54,94,18,46,0,34
S28000356,M,25,49,0,409,0,79,248,75,3,127,95,16,27,87,56,11,0,88
S28000356,M,50,64,0,219,0,130,53,83,1,34,13,13,8,27,12,0,0,26
S28000356,M,65,90,143,0,153,21,5,25,0,2,0,3,0,4,10,0,14,16
S28000356,F,0,15,0,0,0,0,230,0,1,0,77,0,271,0,64,0,0,0
S28000356,F,16,24,0,38,0,1,68,48,0,39,33,8,119,49,36,23,0,37
S28000356,F,25,49,0,277,0,88,266,81,7,138,106,16,300,110,74,6,0,72
S28000356,F,50,64,0,186,0,138,33,71,3,33,5,15,30,67,23,0,0,30
S28000356,F,65,90,273,0,157,3,0,17,0,0,0,0,3,55,10,0,8,16
S28000357,M,0,15,0,0,0,0,163,0,0,0,37,0,76,0,28,0,0,0
S28000357,M,16,24,0,44,0,1,28,22,0,63,4,4,16,18,11,218,0,118
S28000357,M,25,49,0,395,0,131,173,42,5,269,53,6,2,29,20,68,0,284
S28000357,M,50,64,0,165,0,71,32,40,2,27,2,5,3,15,2,0,0,17
S28000357,M,65,90,140,0,65,24,2,23,1,2,2,0,1,5,6,1,8,5
S28000357,F,0,15,0,0,0,0,151,0,0,0,50,0,66,0,9,0,0,0
S28000357,F,16,24,0,46,0,2,30,15,0,63,8,3,26,13,11,313,0,150
S28000357,F,25,49,0,351,0,138,189,24,5,271,55,8,94,32,22,27,0,210
S28000357,F,50,64,0,178,0,80,21,48,1,25,3,3,19,19,10,0,0,24
S28000357,F,65,90,237,0,65,7,1,13,0,2,0,1,0,27,4,1,3,8
S28000358,M,0,15,0,0,0,0,155,0,0,0,39,0,195,0,39,0,0,0
S28000358,M,16,24,0,69,0,5,28,19,0,21,7,3,35,39,19,164,0,75
S28000358,M,25,49,0,387,0,54,126,25,2,77,40,8,15,43,33,32,0,148
S28000358,M,50,64,0,149,0,38,21,32,0,11,6,4,6,12,12,0,0,18
S28000358,M,65,90,103,0,42,12,3,15,0,3,0,0,0,3,2,0,3,12
S28000358,F,0,15,0,0,0,0,121,0,0,0,34,0,159,0,42,0,0,0
S28000358,F,16,24,0,100,0,6,35,13,0,31,3,1,46,44,27,125,0,76
S28000358,F,25,49,0,225,0,54,137,23,0,79,48,7,213,54,45,17,0,83
S28000358,F,50,64,0,124,0,46,10,24,0,8,1,4,23,33,17,0,0,15
S28000358,F,65,90,176,0,40,3,0,13,0,0,1,0,2,14,5,0,2,6
S28000359,M,0,15,0,0,0,0,102,0,1,0,64,0,215,0,29,0,0,0
S28000359,M,16,24,0,115,0,3,22,16,0,41,8,5,39,43,12,149,0,115
S28000359,M,25,49,0,682,0,79,113,47,2,213,75,12,21,50,32,22,0,203
S28000359,M,50,64,0,313,0,56,32,49,0,39,5,3,9,26,9,0,0,32
S28000359,M,65,90,184,0,81,14,2,22,0,5,0,0,0,14,1,2,7,6
S28000359,F,0,15,0,0,0,0,105,0,0,0,59,0,198,0,32,0,0,0
S28000359,F,16,24,0,92,0,5,27,25,0,69,10,4,70,29,14,166,0,76
S28000359,F,25,49,0,340,0,81,128,37,7,201,71,6,231,46,38,31,0,177
S28000359,F,50,64,0,227,0,62,19,45,1,25,4,2,15,44,14,0,0,22
S28000359,F,65,90,308,0,83,4,1,20,0,1,2,1,1,32,4,0,12,11
S28000360,M,0,15,0,0,0,0,130,0,0,0,45,0,144,0,34,0,0,0
S28000360,M,16,24,0,23,0,3,32,29,0,13,15,6,39,44,7,28,0,26
S28000360,M,25,49,0,205,0,50,156,38,4,97,54,6,21,48,16,12,0,84
S28000360,M,50,64,0,112,0,63,20,40,0,18,5,5,1,20,17,0,0,16
S28000360,M,65,90,84,0,44,13,1,11,0,2,3,1,0,11,2,0,5,4
S28000360,F,0,15,0,0,0,0,123,0,0,0,58,0,175,0,33,0,0,0
S28000360,F,16,24,0,41,0,3,24,19,0,23,13,5,54,26,19,35,0,45
S28000360,F,25,49,0,186,0,57,162,30,4,78,52,6,188,52,50,1,0,48
S28000360,F,50,64,0,104,0,67,14,35,0,22,4,4,15,44,22,0,0,19
S28000360,F,65,90,124,0,46,2,0,6,0,1,2,1,3,23,5,0,10,6
S28000361,M,0,15,0,0,0,0,215,0,0,0,66,0,242,0,53,0,0,0
S28000361,M,16,24,0,53,0,2,55,34,0,23,21,12,44,50,20,23,0,24
S28000361,M,25,49,0,441,0,56,217,67,2,107,72,17,21,48,51,23,0,84
S28000361,M,50,64,0,187,0,75,33,58,0,12,4,7,8,16,13,0,0,24
S28000361,M,65,90,157,0,107,20,3,19,0,2,0,2,1,8,7,0,2,5
S28000361,F,0,15,0,0,0,0,217,0,0,0,53,0,209,0,52,0,0,0
S28000361,F,16,24,0,43,0,3,46,33,0,25,23,4,92,45,37,14,0,27
S28000361,F,25,49,0,281,0,63,237,48,0,97,74,13,257,64,65,5,0,47
S28000361,F,50,64,0,116,0,83,13,58,0,16,0,8,28,51,14,0,0,21
S28000361,F,65,90,214,0,107,4,0,12,0,2,0,1,4,30,10,0,10,11
S28000362,M,0,15,0,0,0,0,203,0,0,0,84,0,314,0,42,0,0,0
S28000362,M,16,24,0,43,0,3,24,40,0,11,16,7,50,74,11,16,0,30
S28000362,M,25,49,0,460,0,58,223,58,0,52,79,18,31,84,48,47,0,109
S28000362,M,50,64,0,171,0,81,25,44,0,15,4,2,6,40,5,0,0,21
S28000362,M,65,90,162,0,72,14,0,16,0,2,0,4,0,17,2,0,8,8
S28000362,F,0,15,0,0,0,0,196,0,0,0,68,0,293,0,42,0,0,0
S28000362,F,16,24,0,44,0,9,39,29,0,13,26,9,116,51,38,8,0,18
S28000362,F,25,49,0,189,0,61,233,51,0,43,71,10,346,84,61,12,0,46
S28000362,F,50,64,0,166,0,79,9,42,0,16,3,6,16,66,14,0,0,16
S28000362,F,65,90,229,0,76,7,2,10,0,0,0,1,0,51,6,0,8,10
S28000363,M,0,15,0,0,0,0,297,0,0,0,132,0,443,0,124,0,0,0
S28000363,M,16,24,0,20,0,0,111,106,0,13,40,14,105,135,40,8,0,41
S28000363,M,25,49,0,312,0,54,309,188,0,85,134,27,25,178,72,0,0,106
S28000363,M,50,64,0,189,0,136,75,164,0,20,22,16,8,63,38,0,0,47
S28000363,M,65,90,178,0,249,19,4,70,0,5,2,5,1,39,25,0,20,29
S28000363,F,0,15,0,0,0,0,288,0,0,0,137,0,395,0,110,0,0,0
S28000363,F,16,24,0,27,0,2,103,71,0,16,45,12,151,68,58,0,0,41
S28000363,F,25,49,0,181,0,53,346,132,2,79,154,24,476,155,148,8,0,86
S28000363,F,50,64,0,177,0,142,39,158,0,23,7,15,35,135,59,0,0,67
S28000363,F,65,90,480,0,247,12,2,59,0,1,1,4,3,113,23,0,28,37
S28000364,M,0,15,0,0,0,0,218,0,0,0,89,0,410,0,56,0,0,0
S28000364,M,16,24,0,55,0,3,51,60,0,17,24,9,82,84,18,10,0,35
S28000364,M,25,49,0,422,0,72,236,79,2,89,118,11,35,86,51,2,0,77
S28000364,M,50,64,0,197,0,121,33,81,0,31,5,3,6,25,16,0,0,27
S28000364,M,65,90,158,0,153,21,1,23,0,5,0,0,0,16,3,0,15,8
S28000364,F,0,15,0,0,0,0,230,0,0,0,105,0,375,0,55,0,0,0
S28000364,F,16,24,0,35,0,8,59,46,0,25,34,3,150,42,23,5,0,25
S28000364,F,25,49,0,280,0,71,237,71,0,85,116,14,442,98,87,0,0,55
S28000364,F,50,64,0,182,0,132,20,79,0,28,1,4,22,86,17,0,0,29
S28000364,F,65,90,329,0,157,6,0,16,0,4,1,0,6,66,5,0,16,6
S28000365,M,0,15,0,0,0,0,80,0,0,0,61,0,279,0,36,0,0,0
S28000365,M,16,24,0,48,0,3,15,27,0,9,20,4,39,78,15,16,0,25
S28000365,M,25,49,0,362,0,34,91,45,2,38,71,13,15,74,36,2,0,74
S28000365,M,50,64,0,180,0,74,11,40,2,10,7,2,2,18,12,0,0,26
S28000365,M,65,90,140,0,43,17,3,15,0,3,0,0,2,12,3,0,3,5
S28000365,F,0,15,0,0,0,0,73,0,0,0,63,0,272,0,43,0,0,0
S28000365,F,16,24,0,44,0,5,15,26,0,8,24,2,108,40,29,12,0,15
S28000365,F,25,49,0,170,0,35,94,42,0,27,69,6,293,95,52,0,0,42
S28000365,F,50,64,0,161,0,84,6,39,0,10,3,3,13,71,17,0,0,19
S28000365,F,65,90,188,0,43,4,3,8,0,3,0,0,1,38,5,0,14,6
S28000366,M,0,15,0,0,0,0,144,0,0,0,79,0,333,0,64,0,0,0
S28000366,M,16,24,0,24,0,1,45,43,0,17,18,10,55,111,12,16,0,17
S28000366,M,25,49,0,292,0,52,168,86,0,70,100,14,24,102,33,4,0,67
S28000366,M,50,64,0,188,0,123,29,74,2,23,5,9,5,36,19,0,0,38
S28000366,M,65,90,246,0,194,29,3,44,0,9,0,2,2,22,8,0,22,17
S28000366,F,0,15,0,0,0,0,146,0,0,0,77,0,268,0,64,0,0,0
S28000366,F,16,24,0,25,0,2,38,19,0,20,27,11,100,48,24,14,0,23
S28000366,F,25,49,0,198,0,60,173,61,0,62,96,14,349,104,83,4,0,63
S28000366,F,50,64,0,218,0,135,18,66,0,31,2,10,28,94,25,0,0,35
S28000366,F,65,90,493,0,198,8,2,37,0,4,0,1,4,79,19,1,28,19
S28000367,M,0,15,0,0,0,0,112,0,0,0,76,0,321,0,93,0,0,0
S28000367,M,16,24,0,17,0,0,60,39,0,5,32,14,74,75,23,5,0,21
S28000367,M,25,49,0,290,0,22,125,118,0,39,100,18,19,118,53,0,0,57
S28000367,M,50,64,0,132,0,109,35,94,0,21,12,11,6,31,26,0,0,27
S28000367,M,65,90,125,0,169,20,4,44,0,5,0,0,2,24,9,0,15,11
S28000367,F,0,15,0,0,0,0,111,0,0,0,93,0,304,0,86,0,0,0
S28000367,F,16,24,0,29,0,0,49,41,0,13,44,6,121,40,39,3,0,21
S28000367,F,25,49,0,129,0,26,140,80,0,38,104,15,362,102,99,1,0,43
S28000367,F,50,64,0,155,0,120,20,93,0,19,1,9,23,75,35,0,0,32
S28000367,F,65,90,304,0,167,5,2,39,0,0,0,3,3,72,18,0,10,24
S28000368,M,0,15,0,0,0,0,269,0,0,0,90,0,268,0,68,0,0,0
S28000368,M,16,24,0,15,0,1,90,76,0,11,22,6,65,48,23,2,0,29
S28000368,M,25,49,0,266,0,49,303,117,4,82,111,17,17,63,45,2,0,37
S28000368,M,50,64,0,125,0,184,74,131,2,19,14,13,6,30,20,0,0,32
S28000368,M,65,90,133,0,173,38,2,23,0,5,0,2,0,13,8,0,9,9
S28000368,F,0,15,0,0,0,0,260,0,0,0,101,0,306,0,44,0,0,0
S28000368,F,16,24,0,24,0,4,103,57,0,17,23,6,120,34,28,19,0,21
S28000368,F,25,49,0,169,0,56,331,105,4,81,115,8,324,63,77,4,0,48
S28000368,F,50,64,0,162,0,202,39,124,0,23,10,14,26,69,32,0,0,20
S28000368,F,65,90,298,0,173,10,0,16,0,2,0,0,6,53,13,0,13,17
S28000369,M,0,15,0,0,0,0,156,0,1,0,22,0,54,0,34,0,0,0
S28000369,M,16,24,0,78,0,4,18,15,0,41,7,1,12,16,14,396,0,143
S28000369,M,25,49,0,391,0,80,145,25,11,157,34,3,5,24,24,35,0,259
S28000369,M,50,64,0,120,0,42,20,21,1,13,5,3,1,5,13,0,0,17
S28000369,M,65,90,84,0,33,10,2,17,0,0,0,0,0,4,7,0,4,7
S28000369,F,0,15,0,0,0,0,145,0,1,0,32,0,42,0,35,0,0,0
S28000369,F,16,24,0,65,0,5,40,11,4,49,6,2,19,10,9,502,0,134
S28000369,F,25,49,0,212,0,85,151,18,6,136,32,3,58,29,31,47,0,144
S28000369,F,50,64,0,77,0,42,8,30,2,7,1,0,6,24,14,1,0,12
S28000369,F,65,90,119,0,33,4,0,8,0,1,0,0,0,14,10,1,0,6
S28000370,M,0,15,0,0,0,0,85,0,0,0,18,0,61,0,9,0,0,0
S28000370,M,16,24,0,27,0,2,13,11,0,23,5,1,10,13,9,324,0,140
S28000370,M,25,49,0,336,0,94,104,23,14,152,22,1,2,23,9,29,0,238
S28000370,M,50,64,0,97,0,40,16,23,4,17,3,0,0,2,3,0,0,13
S28000370,M,65,90,30,0,13,7,2,3,0,1,0,0,0,2,0,2,0,1
S28000370,F,0,15,0,0,0,0,90,0,0,0,20,0,30,0,6,0,0,0
S28000370,F,16,24,0,38,0,7,19,7,0,34,5,0,10,9,7,340,0,106
S28000370,F,25,49,0,189,0,96,110,14,2,142,24,1,56,17,15,15,0,125
S28000370,F,50,64,0,67,0,38,3,19,2,9,0,0,6,22,3,0,0,12
S28000370,F,65,90,44,0,13,2,0,5,0,2,0,0,0,6,2,0,0,2
S28000371,M,0,15,0,0,0,0,167,0,0,0,44,0,93,0,36,0,0,0
S28000371,M,16,24,0,106,0,4,34,13,0,57,4,4,22,36,9,431,0,168
S28000371,M,25,49,0,752,0,149,194,29,11,286,54,3,10,41,46,58,0,299
S28000371,M,50,64,0,200,0,57,22,28,3,25,5,2,3,16,9,0,0,23
S28000371,M,65,90,93,0,57,10,1,12,0,3,0,0,0,10,7,0,4,4
S28000371,F,0,15,0,0,0,0,157,0,0,0,48,0,111,0,35,0,0,0
S28000371,F,16,24,0,117,0,9,33,13,0,85,6,2,39,27,11,414,0,173
S28000371,F,25,49,0,436,0,152,202,16,4,251,59,4,128,45,40,49,0,208
S28000371,F,50,64,0,148,0,52,11,29,0,14,3,3,14,31,11,0,0,17
S28000371,F,65,90,177,0,55,7,0,7,0,3,0,0,0,16,3,0,6,6
S28000372,M,0,15,0,0,0,0,53,0,0,0,42,0,152,0,48,0,0,0
S28000372,M,16,24,0,40,0,0,11,22,0,9,7,5,37,31,19,60,0,32
S28000372,M,25,49,0,286,0,28,68,29,4,69,40,5,22,39,19,18,0,72
S28000372,M,50,64,0,141,0,45,8,35,0,18,1,3,4,9,10,0,0,14
S28000372,M,65,90,113,0,54,10,0,15,0,1,1,0,0,8,1,0,3,1
S28000372,F,0,15,0,0,0,0,56,0,0,0,43,0,129,0,29,0,0,0
S28000372,F,16,24,0,27,0,1,21,17,0,15,7,3,44,20,26,59,0,36
S28000372,F,25,49,0,154,0,32,70,24,0,49,44,6,183,41,36,11,0,42
S28000372,F,50,64,0,106,0,49,5,37,0,17,0,0,15,45,10,0,0,12
S28000372,F,65,90,201,0,56,1,0,11,0,2,0,0,1,24,1,1,7,2
S28000373,M,0,15,0,0,0,0,162,0,1,0,58,0,122,0,29,0,0,0
S28000373,M,16,24,0,65,0,3,26,28,0,66,11,2,27,45,5,334,0,207
S28000373,M,25,49,0,585,0,146,191,37,17,353,69,7,15,57,27,44,0,424
S28000373,M,50,64,0,162,0,83,26,55,3,24,4,2,0,20,8,1,0,26
S28000373,M,65,90,96,0,92,17,1,15,0,3,1,2,0,11,3,1,6,7
S28000373,F,0,15,0,0,0,0,164,0,0,0,45,0,129,0,34,0,0,0
S28000373,F,16,24,0,87,0,6,25,14,0,114,13,6,51,24,23,297,0,173
S28000373,F,25,49,0,401,0,150,199,28,0,321,71,6,129,41,45,18,0,300
S28000373,F,50,64,0,139,0,89,12,58,0,17,1,2,14,49,10,0,0,22
S28000373,F,65,90,231,0,92,4,0,12,0,2,0,1,2,36,4,0,10,9
S28000374,M,0,15,0,0,0,0,95,0,0,0,66,0,224,0,38,0,0,0
S28000374,M,16,24,0,62,0,3,14,13,1,49,15,8,42,67,11,61,0,47
S28000374,M,25,49,0,520,0,88,115,37,3,152,69,14,23,57,29,15,0,156
S28000374,M,50,64,0,222,0,59,15,38,0,11,3,4,3,31,11,0,0,23
S28000374,M,65,90,121,0,73,19,1,10,0,6,0,2,1,12,1,0,2,6
S28000374,F,0,15,0,0,0,0,95,0,0,0,47,0,224,0,39,0,0,0
S28000374,F,16,24,0,59,0,13,19,11,0,52,17,3,75,45,20,51,0,67
S28000374,F,25,49,0,330,0,83,115,24,0,137,62,8,233,84,58,7,0,126
S28000374,F,50,64,0,201,0,69,11,41,0,18,1,9,21,73,16,0,0,19
S28000374,F,65,90,253,0,73,4,1,7,0,1,0,0,4,39,5,0,4,9
S28000375,M,0,15,0,0,0,0,67,0,0,0,64,0,284,0,82,0,0,0
S28000375,M,16,24,0,41,0,1,24,26,0,23,14,8,64,66,17,31,0,28
S28000375,M,25,49,0,322,0,48,80,52,2,68,73,11,29,82,46,12,0,112
S28000375,M,50,64,0,219,0,82,9,34,0,17,4,5,4,28,10,0,0,35
S28000375,M,65,90,154,0,60,17,2,15,0,4,3,1,0,9,4,0,2,23
S28000375,F,0,15,0,0,0,0,64,0,0,0,61,0,217,0,48,0,0,0
S28000375,F,16,24,0,29,0,3,14,11,0,20,27,10,89,37,41,17,0,23
S28000375,F,25,49,0,178,0,49,78,29,0,58,69,10,287,72,64,3,0,55
S28000375,F,50,64,0,173,0,94,8,34,0,18,3,3,23,64,22,0,0,25
S28000375,F,65,90,265,0,60,2,1,10,0,2,0,1,7,45,2,0,4,12
S28000376,M,0,15,0,0,0,0,49,0,0,0,33,0,132,0,25,0,0,0
S28000376,M,16,24,0,9,0,0,13,13,0,3,12,5,21,22,10,3,0,12
S28000376,M,25,49,0,126,0,12,64,22,2,17,39,7,8,37,17,4,0,52
S28000376,M,50,64,0,72,0,24,15,25,0,7,3,3,0,8,5,0,0,13
S28000376,M,65,90,44,0,20,7,1,5,0,2,0,0,0,5,1,0,3,4
S28000376,F,0,15,0,0,0,0,54,0,0,0,40,0,123,0,19,0,0,0
S28000376,F,16,24,0,22,0,0,27,13,0,2,13,2,47,19,7,3,0,13
S28000376,F,25,49,0,72,0,15,65,20,0,26,41,5,144,31,30,0,0,26
S28000376,F,50,64,0,66,0,27,10,24,0,5,0,3,7,30,7,0,0,13
S28000376,F,65,90,84,0,20,1,0,4,0,0,0,0,0,21,1,0,5,5
S28000377,M,0,15,0,0,0,0,208,0,0,0,104,0,199,0,63,0,0,0
S28000377,M,16,24,0,9,0,1,109,95,0,3,23,12,48,38,31,5,0,31
S28000377,M,25,49,0,175,0,67,261,137,2,72,98,17,23,80,37,0,0,33
S28000377,M,50,64,0,113,0,222,83,139,0,21,2,17,6,43,20,0,0,44
S28000377,M,65,90,103,0,239,43,3,41,0,1,0,0,0,30,10,0,18,18
S28000377,F,0,15,0,0,0,0,232,0,0,0,81,0,179,0,50,0,0,0
S28000377,F,16,24,0,11,0,2,93,74,0,14,23,9,72,33,29,2,0,18
S28000377,F,25,49,0,118,0,79,301,109,0,64,92,18,214,64,76,0,0,32
S28000377,F,50,64,0,119,0,236,45,140,0,24,5,12,21,67,24,0,0,34
S28000377,F,65,90,344,0,243,16,3,26,0,1,0,0,3,68,18,0,23,21
S28000378,M,0,15,0,0,0,0,135,0,0,0,93,0,236,0,50,0,0,0
S28000378,M,16,24,0,33,0,4,50,72,0,19,24,16,48,59,13,21,0,24
S28000378,M,25,49,0,241,0,47,161,106,2,84,96,14,14,129,42,2,0,60
S28000378,M,50,64,0,176,0,125,39,102,0,26,4,10,9,45,18,0,0,43
S28000378,M,65,90,196,0,263,28,4,51,0,4,0,1,1,33,9,0,10,17
S28000378,F,0,15,0,0,0,0,144,0,1,0,80,0,237,0,63,0,0,0
S28000378,F,16,24,0,23,0,4,51,51,0,29,26,8,98,52,22,12,0,29
S28000378,F,25,49,0,155,0,50,173,77,2,71,95,13,260,95,74,1,0,40
S28000378,F,50,64,0,211,0,144,24,101,0,26,2,9,23,93,33,0,0,41
S28000378,F,65,90,486,0,267,6,2,42,0,3,0,1,7,117,18,0,28,32
S28000379,M,0,15,0,0,0,0,147,0,0,0,101,0,325,0,62,0,0,0
S28000379,M,16,24,0,34,0,2,46,67,0,19,24,8,74,69,19,8,0,35
S28000379,M,25,49,0,429,0,58,184,90,0,117,120,12,26,95,47,13,0,78
S28000379,M,50,64,0,237,0,114,37,111,0,30,4,9,8,29,12,0,0,45
S28000379,M,65,90,182,0,133,24,2,22,0,7,1,0,0,14,4,0,11,14
S28000379,F,0,15,0,0,0,0,148,0,0,0,93,0,325,0,50,0,0,0
S28000379,F,16,24,0,38,0,0,51,57,0,44,38,4,124,63,35,8,0,23
S28000379,F,25,49,0,233,0,73,196,78,2,94,112,6,391,86,64,0,0,57
S28000379,F,50,64,0,221,0,117,21,100,2,24,2,8,25,85,16,0,0,25
S28000379,F,65,90,307,0,134,8,2,19,0,3,0,0,2,61,10,0,11,20
S28000380,M,0,15,0,0,0,0,257,0,0,0,106,0,316,0,84,0,0,0
S28000380,M,16,24,0,38,0,4,79,124,0,16,32,8,68,55,20,34,0,34
S28000380,M,25,49,0,372,0,76,269,170,3,147,123,20,18,97,59,11,0,89
S28000380,M,50,64,0,186,0,206,73,195,1,38,15,8,4,23,34,0,0,51
S28000380,M,65,90,176,0,202,42,1,40,0,7,0,0,3,14,11,0,19,10
S28000380,F,0,15,0,0,0,0,182,0,0,0,93,0,316,0,90,0,0,0
S28000380,F,16,24,0,38,0,4,111,84,0,38,23,9,104,60,51,28,0,22
S28000380,F,25,49,0,222,0,100,284,127,0,128,133,18,378,82,106,1,0,68
S28000380,F,50,64,0,205,0,219,51,182,0,37,5,6,25,86,34,0,0,43
S28000380,F,65,90,334,0,204,5,0,29,0,5,0,0,4,77,21,0,5,19
S28000381,M,0,15,0,0,0,0,188,0,0,0,34,0,159,0,50,0,0,0
S28000381,M,16,24,0,26,0,0,82,85,0,6,17,10,37,52,4,12,0,18
S28000381,M,25,49,0,289,0,52,230,126,2,85,39,19,8,65,32,1,0,38
S28000381,M,50,64,0,218,0,170,55,160,0,24,9,14,6,25,11,0,0,28
S28000381,M,65,90,194,0,289,44,0,56,0,3,0,1,1,17,4,0,16,9
S28000381,F,0,15,0,0,0,0,167,0,0,0,26,0,132,0,27,0,0,0
S28000381,F,16,24,0,14,0,1,68,78,0,18,14,11,46,23,11,19,0,13
S28000381,F,25,49,0,123,0,55,256,90,0,74,43,15,178,59,49,4,0,24
S28000381,F,50,64,0,167,0,201,33,161,0,18,4,13,15,56,14,0,0,28
S28000381,F,65,90,496,0,287,9,0,44,0,2,0,2,1,55,13,0,29,11
S28000382,M,0,15,0,0,0,0,449,0,0,0,111,0,285,0,64,0,0,0
S28000382,M,16,24,0,15,0,3,121,143,0,10,19,12,94,70,34,6,0,28
S28000382,M,25,49,0,259,0,162,559,190,8,132,131,20,14,105,72,2,0,77
S28000382,M,50,64,0,134,0,251,93,203,0,32,11,8,5,35,33,0,0,58
S28000382,M,65,90,106,0,167,34,5,40,0,3,1,1,0,16,11,0,9,10
S28000382,F,0,15,0,0,0,0,508,0,0,0,92,0,259,0,85,0,0,0
S28000382,F,16,24,0,12,0,2,124,107,0,16,14,12,106,50,48,1,0,19
S28000382,F,25,49,0,191,0,176,601,155,7,133,140,15,325,97,109,0,0,52
S28000382,F,50,64,0,145,0,260,53,190,1,31,4,11,32,84,45,0,0,63
S28000382,F,65,90,248,0,170,12,3,29,0,1,0,0,3,60,28,1,17,18
S28000383,M,0,15,0,0,0,0,153,0,0,0,63,0,165,0,46,0,0,0
S28000383,M,16,24,0,10,0,0,50,54,0,5,15,13,21,47,19,22,0,19
S28000383,M,25,49,0,156,0,35,166,95,0,68,79,13,23,73,37,2,0,68
S28000383,M,50,64,0,147,0,136,42,86,0,17,9,9,1,40,13,0,0,48
S28000383,M,65,90,186,0,188,35,2,39,0,6,2,0,0,28,10,0,8,6
S28000383,F,0,15,0,0,0,0,162,0,0,0,70,0,133,0,51,0,0,0
S28000383,F,16,24,0,7,0,1,49,45,0,10,13,7,62,30,18,0,0,20
S28000383,F,25,49,0,111,0,39,178,72,0,55,83,11,167,62,57,0,0,43
S28000383,F,50,64,0,175,0,153,23,95,0,10,7,9,18,62,23,0,0,39
S28000383,F,65,90,500,0,196,13,2,27,0,1,0,0,0,85,18,0,31,19
S28000384,M,0,15,0,0,0,0,223,0,0,0,128,0,384,0,90,0,0,0
S28000384,M,16,24,0,14,0,1,72,52,0,18,38,25,118,98,46,15,0,34
S28000384,M,25,49,0,242,0,49,213,117,0,62,129,20,22,121,64,0,0,47
S28000384,M,50,64,0,155,0,119,36,93,0,16,14,10,8,27,34,0,0,31
S28000384,M,65,90,135,0,114,15,2,34,0,2,0,1,1,23,5,0,6,7
S28000384,F,0,15,0,0,0,0,196,0,0,0,115,0,444,0,101,0,0,0
S28000384,F,16,24,0,12,0,3,49,46,0,22,41,7,129,87,45,8,0,35
S28000384,F,25,49,0,115,0,57,227,88,1,62,132,20,443,136,121,0,0,43
S28000384,F,50,64,0,156,0,118,18,81,2,13,3,7,33,111,38,0,0,39
S28000384,F,65,90,264,0,116,6,2,29,0,1,0,1,5,66,12,0,10,24
S28000385,M,0,15,0,0,0,0,177,0,0,0,127,0,398,0,79,0,0,0
S28000385,M,16,24,0,20,0,0,42,49,0,7,30,18,107,104,25,9,0,22
S28000385,M,25,49,0,258,0,49,165,89,1,42,129,19,22,95,41,3,0,46
S28000385,M,50,64,0,144,0,94,33,67,0,16,4,16,5,34,16,0,0,31
S28000385,M,65,90,89,0,77,22,2,23,1,3,3,0,2,12,4,0,7,7
S28000385,F,0,15,0,0,0,0,156,0,0,0,110,0,418,0,74,0,0,0
S28000385,F,16,24,0,22,0,1,47,44,0,10,43,9,157,51,46,13,0,16
S28000385,F,25,49,0,131,0,55,179,65,1,38,134,17,456,121,94,0,0,37
S28000385,F,50,64,0,164,0,107,16,62,1,16,6,10,33,78,33,0,0,29
S28000385,F,65,90,201,0,79,2,1,15,0,0,0,0,3,49,13,0,9,17
S28000386,M,0,15,0,0,0,0,148,0,0,0,97,0,276,0,62,0,0,0
S28000386,M,16,24,0,17,0,0,49,42,0,15,30,13,66,47,19,11,0,19
S28000386,M,25,49,0,224,0,48,184,104,0,68,97,13,26,75,44,4,0,50
S28000386,M,50,64,0,115,0,125,30,88,0,14,10,9,2,20,16,0,0,28
S28000386,M,65,90,105,0,103,27,1,40,0,1,0,0,0,13,6,0,0,10
S28000386,F,0,15,0,0,0,0,148,0,0,0,75,0,262,0,51,0,0,0
S28000386,F,16,24,0,12,0,2,55,51,0,20,25,9,121,52,28,11,0,13
S28000386,F,25,49,0,111,0,53,194,81,0,58,104,15,299,70,74,1,0,43
S28000386,F,50,64,0,175,0,141,12,89,0,14,1,4,13,50,20,0,0,26
S28000386,F,65,90,196,0,105,4,1,28,0,2,0,1,2,47,8,1,2,17
S28000388,M,0,15,0,0,0,0,93,0,0,0,63,0,232,0,54,0,0,0
S28000388,M,16,24,0,10,0,0,45,50,0,18,20,13,50,52,13,36,0,18
S28000388,M,25,49,0,207,0,48,122,71,2,73,69,18,33,67,31,4,0,28
S28000388,M,50,64,0,128,0,101,30,84,0,12,6,9,5,16,14,0,0,25
S28000388,M,65,90,77,0,69,15,4,10,0,2,0,1,0,9,1,0,3,3
S28000388,F,0,15,0,0,0,0,117,0,0,0,52,0,248,0,41,0,0,0
S28000388,F,16,24,0,15,0,4,29,41,0,16,17,8,76,47,17,32,0,12
S28000388,F,25,49,0,104,0,49,137,61,2,56,71,17,246,72,43,3,0,26
S28000388,F,50,64,0,126,0,109,14,76,0,18,1,11,24,56,16,0,0,21
S28000388,F,65,90,178,0,68,2,1,7,0,1,0,0,1,39,9,0,11,5
S28000389,M,0,15,0,0,0,0,98,0,0,0,81,0,264,0,44,0,0,0
S28000389,M,16,24,0,6,0,0,34,29,0,9,31,13,65,55,12,8,0,11
S28000389,M,25,49,0,173,0,15,100,65,0,33,82,16,15,80,26,0,0,20
S28000389,M,50,64,0,110,0,77,23,55,0,23,6,9,1,23,11,0,0,18
S28000389,M,65,90,54,0,51,9,1,20,0,0,0,0,2,14,0,0,2,6
S28000389,F,0,15,0,0,0,0,86,0,0,0,91,0,244,0,39,0,0,0
S28000389,F,16,24,0,13,0,1,39,17,1,12,30,6,103,46,25,0,0,10
S28000389,F,25,49,0,110,0,22,109,38,3,31,82,11,304,80,50,2,0,17
S28000389,F,50,64,0,116,0,76,10,49,1,25,2,9,14,59,12,0,0,17
S28000389,F,65,90,129,0,51,2,1,18,0,1,0,1,2,34,8,0,4,8
S28000390,M,0,15,0,0,0,0,57,0,0,0,19,0,81,0,10,0,0,0
S28000390,M,16,24,0,60,0,5,19,4,0,45,1,2,24,28,5,302,0,76
S28000390,M,25,49,0,462,0,73,60,16,0,93,18,3,2,60,3,54,0,120
S28000390,M,50,64,0,326,0,58,7,12,0,24,1,1,2,18,1,0,0,21
S28000390,M,65,90,231,0,116,11,2,18,0,4,0,1,2,16,6,0,7,7
S28000390,F,0,15,0,0,0,0,47,0,0,0,10,0,75,0,15,0,0,0
S28000390,F,16,24,0,69,0,7,11,4,0,52,4,0,29,20,5,356,0,76
S28000390,F,25,49,0,192,0,72,63,13,1,74,17,0,87,36,22,21,0,62
S28000390,F,50,64,0,173,0,61,4,15,2,19,1,1,14,43,4,0,0,9
S28000390,F,65,90,417,0,118,7,1,14,0,1,0,1,2,51,5,0,5,4
S28000391,M,0,15,0,0,0,0,76,0,0,0,17,0,59,0,20,0,0,0
S28000391,M,16,24,0,57,0,1,18,20,0,28,4,1,19,27,9,388,0,166
S28000391,M,25,49,0,374,0,90,81,29,5,126,22,5,7,33,16,58,0,296
S28000391,M,50,64,0,109,0,45,23,26,1,8,1,0,4,12,5,3,0,10
S28000391,M,65,90,68,0,33,7,1,14,0,0,0,0,2,9,2,0,1,9
S28000391,F,0,15,0,0,0,0,82,0,0,0,15,0,53,0,18,0,0,0
S28000391,F,16,24,0,71,0,5,21,16,0,46,4,4,20,7,12,559,0,164
S28000391,F,25,49,0,193,0,92,96,27,2,115,23,3,67,24,20,46,0,171
S28000391,F,50,64,0,55,0,44,9,23,0,6,0,1,10,29,6,0,0,9
S28000391,F,65,90,93,0,35,2,0,8,0,1,1,0,2,23,6,1,8,10
S28000392,M,0,15,0,0,0,0,71,0,0,0,44,0,78,0,14,0,0,0
S28000392,M,16,24,0,33,0,0,8,8,0,34,8,1,11,14,2,57,0,42
S28000392,M,25,49,0,341,0,65,81,25,4,159,44,6,10,34,12,16,0,169
S28000392,M,50,64,0,124,0,53,11,18,0,14,3,5,3,10,4,1,0,8
S28000392,M,65,90,73,0,45,12,1,5,0,0,1,0,0,1,0,0,3,4
S28000392,F,0,15,0,0,0,0,65,0,0,0,23,0,110,0,16,0,0,0
S28000392,F,16,24,0,34,0,3,19,11,0,42,12,2,42,22,6,34,0,45
S28000392,F,25,49,0,231,0,75,85,17,3,126,44,3,102,24,26,15,0,117
S28000392,F,50,64,0,86,0,51,5,18,1,9,2,4,2,29,5,0,0,12
S28000392,F,65,90,111,0,45,1,0,5,0,0,0,0,1,9,3,0,2,2
S28000393,M,0,15,0,0,0,0,41,0,0,0,23,0,69,0,25,0,0,0
S28000393,M,16,24,0,21,0,1,13,16,0,9,10,2,30,24,3,17,0,17
S28000393,M,25,49,0,181,0,21,59,27,0,58,29,2,9,35,19,6,0,48
S28000393,M,50,64,0,107,0,60,15,24,0,10,3,2,1,13,5,0,0,14
S28000393,M,65,90,84,0,56,9,0,10,0,4,0,0,0,6,4,0,9,5
S28000393,F,0,15,0,0,0,0,57,0,0,0,28,0,106,0,22,0,0,0
S28000393,F,16,24,0,10,0,2,13,10,0,16,9,1,31,22,19,20,0,23
S28000393,F,25,49,0,83,0,24,63,26,0,47,28,1,112,32,30,2,0,26
S28000393,F,50,64,0,75,0,62,9,21,2,9,2,4,12,29,12,0,0,18
S28000393,F,65,90,172,0,56,3,0,9,0,3,0,0,0,28,6,0,2,7
S28000394,M,0,15,0,0,0,0,52,0,0,0,26,0,159,0,33,0,0,0
S28000394,M,16,24,0,16,0,2,16,14,0,1,9,2,31,26,3,3,0,20
S28000394,M,25,49,0,123,0,11,49,27,0,28,24,3,7,33,15,1,0,26
S28000394,M,50,64,0,104,0,33,8,28,0,9,2,4,1,12,4,0,0,10
S28000394,M,65,90,82,0,42,11,0,14,0,1,0,0,0,9,2,0,3,8
S28000394,F,0,15,0,0,0,0,59,0,0,0,26,0,161,0,29,0,0,0
S28000394,F,16,24,0,8,0,2,13,9,0,4,11,1,36,30,22,2,0,10
S28000394,F,25,49,0,69,0,14,53,22,0,21,23,4,184,42,31,1,0,17
S28000394,F,50,64,0,83,0,40,3,23,0,8,1,3,8,37,14,0,0,10
S28000394,F,65,90,124,0,42,1,0,13,0,0,0,0,0,30,5,0,5,4
S28000395,M,0,15,0,0,0,0,43,0,0,0,24,0,88,0,18,0,0,0
S28000395,M,16,24,0,9,0,2,15,14,0,12,3,0,22,24,6,16,0,9
S28000395,M,25,49,0,147,0,15,42,24,0,28,21,6,2,35,15,2,0,42
S28000395,M,50,64,0,66,0,34,7,18,0,4,1,2,1,11,5,0,0,13
S28000395,M,65,90,49,0,34,8,1,11,0,4,1,0,0,3,5,0,8,3
S28000395,F,0,15,0,0,0,0,32,0,0,0,16,0,65,0,24,0,0,0
S28000395,F,16,24,0,22,0,1,16,9,0,13,4,4,37,22,16,13,0,12
S28000395,F,25,49,0,59,0,15,40,21,0,26,21,3,95,31,22,0,0,38
S28000395,F,50,64,0,52,0,39,6,21,0,8,1,3,7,30,12,0,0,10
S28000395,F,65,90,110,0,34,4,1,6,0,1,0,0,0,20,3,0,10,6
S28000396,M,0,15,0,0,0,0,102,0,0,0,13,0,53,0,31,0,0,0
S28000396,M,16,24,0,29,0,1,24,16,0,16,0,1,7,11,7,51,0,35
S28000396,M,25,49,0,199,0,51,101,18,2,98,14,0,8,24,19,8,0,124
S28000396,M,50,64,0,37,0,19,18,15,0,6,1,1,2,7,6,0,0,8
S28000396,M,65,90,28,0,10,6,1,5,0,0,0,0,0,5,3,0,0,8
S28000396,F,0,15,0,0,0,0,129,0,0,0,12,0,53,0,22,0,0,0
S28000396,F,16,24,0,40,0,7,23,9,0,24,0,1,16,7,10,12,0,27
S28000396,F,25,49,0,123,0,47,112,11,0,71,15,1,50,12,21,3,0,57
S28000396,F,50,64,0,35,0,23,5,19,0,3,0,0,2,17,8,0,0,10
S28000396,F,65,90,55,0,10,0,0,0,0,0,0,0,1,6,1,0,2,4
S28000397,M,0,15,0,0,0,0,469,0,1,0,63,0,154,0,142,0,0,0
S28000397,M,16,24,0,35,0,5,110,41,0,34,2,2,41,35,48,71,0,81
S28000397,M,25,49,0,452,0,183,391,59,16,301,77,4,13,47,146,26,0,306
S28000397,M,50,64,0,154,0,86,80,66,0,31,13,4,7,14,36,0,0,33
S28000397,M,65,90,72,0,64,16,8,32,0,4,0,2,1,4,29,0,8,18
S28000397,F,0,15,0,0,0,0,423,0,1,0,61,0,103,0,114,0,0,0
S28000397,F,16,24,0,34,0,10,117,46,0,53,8,3,45,27,44,18,0,80
S28000397,F,25,49,0,315,0,185,415,53,4,298,79,5,119,36,143,6,0,202
S28000397,F,50,64,0,135,0,90,45,73,2,19,4,5,22,53,41,0,0,42
S28000397,F,65,90,150,0,66,5,0,19,0,2,0,0,2,15,31,0,13,16
S28000398,M,0,15,0,0,0,0,330,0,0,0,65,0,133,0,56,0,0,0
S28000398,M,16,24,0,66,0,4,58,44,0,42,7,5,36,46,17,24,0,82
S28000398,M,25,49,0,859,0,293,322,73,11,579,100,6,2,60,61,11,0,276
S28000398,M,50,64,0,334,0,157,71,104,11,41,7,5,3,33,16,0,0,24
S28000398,M,65,90,204,0,153,38,5,33,0,3,0,2,0,8,14,0,6,7
S28000398,F,0,15,0,0,0,0,296,0,0,0,93,0,106,0,59,0,0,0
S28000398,F,16,24,0,48,0,7,63,37,0,101,16,2,50,31,24,34,0,88
S28000398,F,25,49,0,638,0,300,356,66,7,518,100,6,158,63,62,4,0,254
S28000398,F,50,64,0,239,0,181,34,102,1,35,6,7,29,84,29,0,0,32
S28000398,F,65,90,437,0,151,4,2,27,0,3,0,0,2,51,13,0,15,7
S28000399,M,0,15,0,0,0,0,265,0,1,0,27,0,26,0,78,0,0,0
S28000399,M,16,24,0,2,0,0,124,41,0,2,7,2,15,17,34,9,0,23
S28000399,M,25,49,0,108,0,70,265,55,10,60,27,1,7,23,107,0,0,59
S28000399,M,50,64,0,67,0,143,111,86,3,20,11,2,1,9,32,0,0,33
S28000399,M,65,90,55,0,150,35,5,30,3,6,1,0,0,2,19,0,6,14
S28000399,F,0,15,0,0,0,0,288,0,1,0,28,0,32,0,106,0,0,0
S28000399,F,16,24,0,5,0,0,114,43,1,1,7,0,14,9,40,0,0,17
S28000399,F,25,49,0,74,0,77,308,57,2,69,34,1,37,21,111,0,0,47
S28000399,F,50,64,0,72,0,166,70,93,2,22,4,0,10,30,46,0,0,28
S28000399,F,65,90,170,0,150,5,2,13,0,0,1,0,0,12,14,0,4,20
S28000400,M,0,15,0,0,0,0,272,0,0,0,38,0,119,0,89,0,0,0
S28000400,M,16,24,0,17,0,0,78,49,0,6,9,6,46,29,44,14,0,32
S28000400,M,25,49,0,243,0,66,268,49,6,80,42,8,5,24,86,19,0,89
S28000400,M,50,64,0,125,0,110,83,68,2,15,6,9,4,9,31,0,0,34
S28000400,M,65,90,120,0,148,25,2,29,0,4,0,1,0,7,25,0,15,17
S28000400,F,0,15,0,0,0,0,323,0,0,0,38,0,114,0,76,0,0,0
S28000400,F,16,24,0,19,0,1,102,22,0,8,6,5,42,17,35,7,0,29
S28000400,F,25,49,0,128,0,68,303,55,2,75,44,8,148,35,94,0,0,74
S28000400,F,50,64,0,137,0,126,42,65,0,14,5,10,13,22,34,0,0,32
S28000400,F,65,90,226,0,148,6,0,22,0,0,0,3,0,26,31,0,13,19
S28000401,M,0,15,0,0,0,0,138,0,0,0,63,0,209,0,54,0,0,0
S28000401,M,16,24,0,10,0,1,66,39,2,5,8,8,64,56,24,3,0,28
S28000401,M,25,49,0,213,0,37,130,57,0,47,65,9,18,66,34,2,0,55
S28000401,M,50,64,0,177,0,45,33,63,0,13,2,4,1,25,13,0,0,39
S28000401,M,65,90,172,0,127,13,1,22,0,2,0,0,1,14,6,0,15,8
S28000401,F,0,15,0,0,0,0,114,0,0,0,50,0,201,0,39,0,0,0
S28000401,F,16,24,0,17,0,1,54,37,0,9,21,4,78,40,21,0,0,18
S28000401,F,25,49,0,145,0,37,152,49,0,43,66,7,235,73,54,0,0,38
S28000401,F,50,64,0,161,0,56,12,53,0,12,2,5,28,63,19,0,0,27
S28000401,F,65,90,308,0,127,2,2,22,0,3,1,0,1,63,11,0,16,12
S28000402,M,0,15,0,0,0,0,236,0,0,0,42,0,128,0,30,0,0,0
S28000402,M,16,24,0,36,0,3,43,36,0,17,5,5,39,31,13,39,0,38
S28000402,M,25,49,0,495,0,84,215,38,2,87,39,6,15,51,36,18,0,126
S28000402,M,50,64,0,206,0,56,25,49,0,18,3,2,6,13,5,1,0,31
S28000402,M,65,90,109,0,67,24,0,14,0,3,0,0,0,11,3,0,3,4
S28000402,F,0,15,0,0,0,0,221,0,0,0,30,0,124,0,38,0,0,0
S28000402,F,16,24,0,22,0,14,33,19,0,23,9,1,47,27,17,13,0,39
S28000402,F,25,49,0,292,0,74,215,36,2,71,38,6,139,40,35,3,0,63
S28000402,F,50,64,0,145,0,76,13,43,1,20,0,2,14,48,9,0,0,19
S28000402,F,65,90,166,0,67,3,0,11,1,5,0,0,2,31,3,0,7,8
S28000403,M,0,15,0,0,0,0,521,0,0,0,72,0,191,0,96,0,0,0
S28000403,M,16,24,0,104,0,6,95,52,4,34,11,8,53,47,44,125,0,108
S28000403,M,25,49,0,902,0,189,420,75,2,322,94,8,20,65,115,40,0,385
S28000403,M,50,64,0,285,0,103,60,84,0,28,9,11,2,25,23,1,0,45
S28000403,M,65,90,186,0,119,26,5,29,0,4,0,2,0,17,15,0,22,7
S28000403,F,0,15,0,0,0,0,407,0,0,0,75,0,191,0,117,0,0,0
S28000403,F,16,24,0,37,0,16,103,31,0,53,21,4,60,27,53,30,0,95
S28000403,F,25,49,0,532,0,194,443,55,0,282,97,7,206,63,125,5,0,182
S28000403,F,50,64,0,206,0,106,27,77,0,24,4,9,19,61,20,1,0,30
S28000403,F,65,90,300,0,113,8,0,23,0,3,0,0,0,40,18,0,26,14
S28000404,M,0,15,0,0,0,0,219,0,2,0,72,0,105,0,56,0,0,0
S28000404,M,16,24,0,41,0,6,41,38,0,48,9,8,32,44,14,10,0,43
S28000404,M,25,49,0,677,0,251,259,47,5,488,110,7,7,48,37,7,0,234
S28000404,M,50,64,0,263,0,131,33,66,3,40,7,4,1,14,13,0,0,30
S28000404,M,65,90,154,0,111,29,1,15,0,1,1,2,1,17,6,0,6,7
S28000404,F,0,15,0,0,0,0,235,0,0,0,72,0,102,0,47,0,0,0
S28000404,F,16,24,0,43,0,13,33,23,0,61,16,3,26,22,17,11,0,47
S28000404,F,25,49,0,646,0,259,277,40,8,477,105,5,146,43,55,0,0,160
S28000404,F,50,64,0,182,0,134,17,66,0,35,6,6,17,56,13,0,0,23
S28000404,F,65,90,352,0,113,11,0,13,0,2,0,0,2,28,8,0,8,14
S28000405,M,0,15,0,0,0,0,191,0,0,0,54,0,232,0,41,0,0,0
S28000405,M,16,24,0,20,0,0,59,47,0,9,7,13,49,47,11,23,0,24
S28000405,M,25,49,0,381,0,69,210,77,3,108,68,10,17,76,42,1,0,92
S28000405,M,50,64,0,250,0,111,41,74,1,19,6,8,5,20,18,0,0,34
S28000405,M,65,90,204,0,145,36,5,38,0,3,1,1,1,13,6,0,12,11
S28000405,F,0,15,0,0,0,0,203,0,0,0,47,0,199,0,55,0,0,0
S28000405,F,16,24,0,22,0,5,68,31,0,18,13,3,81,37,24,11,0,26
S28000405,F,25,49,0,177,0,72,227,43,0,103,72,8,251,68,57,0,0,54
S28000405,F,50,64,0,194,0,133,22,70,0,20,1,7,23,69,24,0,0,21
S28000405,F,65,90,457,0,145,6,3,33,0,0,0,0,0,46,11,0,10,9
S28000406,M,0,15,0,0,0,0,564,0,1,0,97,0,201,0,107,0,0,0
S28000406,M,16,24,0,35,0,2,175,144,0,10,8,9,63,70,23,3,0,45
S28000406,M,25,49,0,208,0,120,532,161,4,104,110,13,19,86,117,4,0,105
S28000406,M,50,64,0,188,0,265,172,249,8,33,14,8,6,52,42,0,0,60
S28000406,M,65,90,178,0,320,67,2,87,0,3,0,2,1,19,21,0,11,20
S28000406,F,0,15,0,0,0,0,534,0,0,0,81,0,175,0,96,0,0,0
S28000406,F,16,24,0,12,0,4,167,111,0,13,10,6,74,47,42,8,0,32
S28000406,F,25,49,0,131,0,132,598,139,4,114,112,9,219,72,129,0,0,83
S28000406,F,50,64,0,171,0,304,102,256,2,34,6,11,25,90,54,0,0,64
S28000406,F,65,90,476,0,326,14,1,59,0,1,0,1,4,95,27,0,18,25
S28000408,M,0,15,0,0,0,0,208,0,0,0,32,0,50,0,24,0,0,0
S28000408,M,16,24,0,14,0,0,71,64,1,13,3,4,24,19,16,1,0,18
S28000408,M,25,49,0,148,0,72,220,63,1,108,35,5,6,30,30,1,0,39
S28000408,M,50,64,0,77,0,109,62,104,2,4,2,3,2,11,11,0,0,20
S28000408,M,65,90,79,0,136,25,2,31,0,3,0,0,0,4,6,0,2,7
S28000408,F,0,15,0,0,0,0,209,0,0,0,27,0,62,0,24,0,0,0
S28000408,F,16,24,0,12,0,2,63,40,1,18,3,2,17,14,7,2,0,12
S28000408,F,25,49,0,123,0,79,236,52,5,90,33,5,72,19,35,0,0,24
S28000408,F,50,64,0,76,0,122,40,110,2,10,3,1,8,37,15,0,0,24
S28000408,F,65,90,241,0,140,3,0,24,0,0,0,0,1,28,9,0,5,9
S28000409,M,0,15,0,0,0,0,400,0,0,0,66,0,207,0,45,0,0,0
S28000409,M,16,24,0,40,0,5,132,130,0,22,18,6,64,55,24,6,0,27
S28000409,M,25,49,0,535,0,155,424,147,7,225,79,11,7,66,38,5,0,95
S28000409,M,50,64,0,209,0,231,109,196,0,31,7,12,5,27,16,0,0,27
S28000409,M,65,90,133,0,230,49,1,42,1,4,0,3,2,14,7,0,4,6
S28000409,F,0,15,0,0,0,0,404,0,0,0,60,0,163,0,53,0,0,0
S28000409,F,16,24,0,54,0,3,130,111,0,40,21,8,91,39,22,10,0,35
S28000409,F,25,49,0,420,0,165,455,113,4,201,77,12,225,74,59,0,0,60
S28000409,F,50,64,0,206,0,263,66,187,0,32,3,12,24,71,25,0,0,27
S28000409,F,65,90,361,0,230,9,1,35,0,3,0,2,0,62,12,0,6,12
S28000410,M,0,15,0,0,0,0,486,0,0,0,107,0,294,0,62,0,0,0
S28000410,M,16,24,0,12,0,2,172,180,0,13,31,7,86,73,31,22,0,25
S28000410,M,25,49,0,221,0,149,514,194,2,169,132,12,10,66,58,1,0,107
S28000410,M,50,64,0,122,0,273,129,264,0,23,5,8,5,27,30,0,0,56
S28000410,M,65,90,121,0,289,59,2,58,0,3,1,0,0,13,5,0,6,8
S28000410,F,0,15,0,0,0,0,449,0,0,0,108,0,313,0,50,0,0,0
S28000410,F,16,24,0,10,0,4,177,116,1,34,38,8,113,44,36,3,0,33
S28000410,F,25,49,0,178,0,151,554,158,4,162,123,9,331,97,74,3,0,61
S28000410,F,50,64,0,153,0,311,92,266,0,15,8,8,39,89,32,0,0,55
S28000410,F,65,90,311,0,291,17,0,41,0,3,0,0,0,42,7,0,8,15
S28000411,M,0,15,0,0,0,0,209,0,0,0,107,0,327,0,54,0,0,0
S28000411,M,16,24,0,13,0,0,47,53,0,8,25,16,91,85,17,5,0,23
S28000411,M,25,49,0,262,0,43,228,84,0,40,107,22,36,72,38,2,0,49
S28000411,M,50,64,0,128,0,79,24,64,0,25,9,9,2,30,23,0,0,20
S28000411,M,65,90,65,0,35,14,1,19,0,6,1,1,1,11,5,0,3,8
S28000411,F,0,15,0,0,0,0,182,0,0,0,100,0,342,0,49,0,0,0
S28000411,F,16,24,0,33,0,1,58,32,0,10,34,13,132,53,23,10,0,13
S28000411,F,25,49,0,155,0,47,230,56,0,41,110,19,356,111,71,0,0,36
S28000411,F,50,64,0,161,0,86,16,56,0,27,4,14,29,50,26,0,0,25
S28000411,F,65,90,136,0,35,2,0,15,0,1,1,0,2,41,7,0,3,11
S28000412,M,0,15,0,0,0,0,166,0,0,0,108,0,445,0,68,0,0,0
S28000412,M,16,24,0,20,0,2,61,57,0,10,44,12,103,111,19,6,0,24
S28000412,M,25,49,0,347,0,52,221,160,2,75,137,22,43,194,43,1,0,75
S28000412,M,50,64,0,269,0,187,35,143,0,26,10,15,12,56,26,0,0,55
S28000412,M,65,90,239,0,165,37,1,42,0,5,0,1,3,28,5,0,12,13
S28000412,F,0,15,0,0,0,0,213,0,0,0,133,0,458,0,63,0,0,0
S28000412,F,16,24,0,16,0,3,63,59,0,17,41,13,145,72,31,12,0,20
S28000412,F,25,49,0,207,0,69,227,96,1,72,139,25,498,179,82,2,0,49
S28000412,F,50,64,0,325,0,197,23,130,1,28,4,13,35,151,35,0,0,31
S28000412,F,65,90,502,0,169,9,1,33,0,3,0,1,3,132,10,0,9,17
S28000415,M,0,15,0,0,0,0,425,0,0,0,110,0,445,0,100,0,0,0
S28000415,M,16,24,0,31,0,1,137,102,0,26,51,9,96,87,34,22,0,43
S28000415,M,25,49,0,450,0,89,436,143,0,99,116,18,49,109,78,6,0,75
S28000415,M,50,64,0,209,0,172,81,148,0,27,12,8,8,42,35,0,0,43
S28000415,M,65,90,131,0,171,35,4,38,0,1,2,0,1,15,6,0,8,12
S28000415,F,0,15,0,0,0,0,420,0,0,0,111,0,397,0,92,0,0,0
S28000415,F,16,24,0,45,0,5,144,72,0,32,52,13,167,71,47,32,0,22
S28000415,F,25,49,0,243,0,96,463,120,6,86,114,11,452,90,124,2,0,60
S28000415,F,50,64,0,231,0,187,48,144,0,25,5,13,39,69,37,0,0,31
S28000415,F,65,90,283,0,171,9,2,25,0,2,0,0,3,52,16,0,9,18
S28000416,M,0,15,0,0,0,0,145,0,0,0,60,0,277,0,45,0,0,0
S28000416,M,16,24,0,41,0,0,29,31,0,26,12,14,55,68,15,94,0,62
S28000416,M,25,49,0,552,0,100,159,47,11,188,68,8,18,85,35,31,0,189
S28000416,M,50,64,0,283,0,87,26,50,1,29,8,11,2,37,10,0,0,39
S28000416,M,65,90,239,0,106,18,2,18,0,7,2,0,1,15,2,0,4,12
S28000416,F,0,15,0,0,0,0,152,0,0,0,63,0,260,0,57,0,0,0
S28000416,F,16,24,0,21,0,3,36,34,0,44,15,2,87,60,19,54,0,62
S28000416,F,25,49,0,291,0,103,167,54,0,144,70,11,308,98,51,3,0,102
S28000416,F,50,64,0,209,0,94,13,51,0,21,8,7,23,58,16,0,0,20
S28000416,F,65,90,359,0,104,5,2,14,0,5,0,0,1,55,4,0,21,14
S28000417,M,0,15,0,0,0,0,13,0,0,0,6,0,12,0,2,0,0,0
S28000417,M,16,24,0,70,0,2,4,0,0,29,1,0,4,0,2,147,0,111
S28000417,M,25,49,0,211,0,58,25,0,0,79,9,0,4,4,5,42,0,188
S28000417,M,50,64,0,26,0,9,4,0,0,7,0,1,0,2,1,0,0,4
S28000417,M,65,90,3,0,2,3,0,1,0,1,0,0,0,1,0,0,0,1
S28000417,F,0,15,0,0,0,0,23,0,2,0,8,0,13,0,4,0,0,0
S28000417,F,16,24,0,28,0,2,4,1,0,26,1,1,16,5,6,139,0,73
S28000417,F,25,49,0,92,0,60,25,0,4,69,9,0,9,2,3,10,0,68
S28000417,F,50,64,0,13,0,10,2,0,0,1,0,1,0,2,1,0,0,4
S28000417,F,65,90,5,0,2,0,0,1,0,0,0,0,0,0,0,0,0,0
S28000418,M,0,15,0,0,0,0,36,0,0,0,24,0,56,0,12,0,0,0
S28000418,M,16,24,0,20,0,1,4,7,0,10,2,0,7,6,4,31,0,41
S28000418,M,25,49,0,159,0,18,32,11,0,33,28,1,7,19,6,3,0,46
S28000418,M,50,64,0,59,0,13,4,11,0,3,1,1,0,11,0,0,0,15
S28000418,M,65,90,66,0,26,5,1,6,0,2,0,1,0,7,0,0,0,1
S28000418,F,0,15,0,0,0,0,28,0,0,0,19,0,38,0,7,0,0,0
S28000418,F,16,24,0,12,0,2,7,3,0,10,10,1,11,7,8,13,0,12
S28000418,F,25,49,0,52,0,17,32,4,0,30,25,5,52,16,12,1,0,26
S28000418,F,50,64,0,41,0,18,3,9,0,4,1,2,4,6,2,0,0,7
S28000418,F,65,90,75,0,28,0,0,6,0,2,0,1,0,17,1,0,0,1
S28000419,M,0,15,0,0,0,0,160,0,0,0,43,0,80,0,36,0,0,0
S28000419,M,16,24,0,42,0,7,45,16,0,40,8,7,32,23,14,86,0,89
S28000419,M,25,49,0,569,0,126,190,33,4,192,41,5,11,34,49,41,0,252
S28000419,M,50,64,0,232,0,73,22,40,2,19,3,3,0,15,11,0,0,30
S28000419,M,65,90,150,0,71,14,2,10,0,2,1,0,0,5,6,0,4,14
S28000419,F,0,15,0,0,0,0,170,0,0,0,21,0,113,0,35,0,0,0
S28000419,F,16,24,0,40,0,10,37,24,0,70,10,3,30,17,15,48,0,62
S28000419,F,25,49,0,282,0,128,198,22,0,145,40,4,119,35,53,4,0,145
S28000419,F,50,64,0,105,0,79,7,39,0,15,2,4,15,35,17,0,0,38
S28000419,F,65,90,174,0,69,3,2,9,0,1,0,0,0,31,6,0,8,6
S28000420,M,0,15,0,0,0,0,104,0,0,0,42,0,159,0,44,0,0,0
S28000420,M,16,24,0,34,0,0,25,18,0,13,7,2,38,45,15,19,0,49
S28000420,M,25,49,0,322,0,43,99,53,2,78,48,4,14,75,38,17,0,102
S28000420,M,50,64,0,188,0,56,15,32,0,11,8,3,0,13,8,0,0,26
S28000420,M,65,90,120,0,69,11,4,16,0,2,1,2,0,15,5,0,3,11
S28000420,F,0,15,0,0,0,0,98,0,0,0,41,0,165,0,41,0,0,0
S28000420,F,16,24,0,43,0,1,31,16,0,16,12,5,76,25,28,25,0,33
S28000420,F,25,49,0,200,0,49,105,22,2,72,52,3,170,41,52,2,0,61
S28000420,F,50,64,0,128,0,59,10,36,0,7,2,3,12,49,11,0,0,24
S28000420,F,65,90,177,0,73,1,1,10,0,3,0,0,2,31,7,0,4,8
S28000421,M,0,15,0,0,0,0,141,0,0,0,63,0,212,0,45,0,0,0
S28000421,M,16,24,0,50,0,3,27,25,0,15,16,2,53,55,10,10,0,28
S28000421,M,25,49,0,475,0,58,137,54,0,71,62,6,10,54,32,6,0,104
S28000421,M,50,64,0,218,0,75,22,45,2,18,4,3,4,14,7,0,0,26
S28000421,M,65,90,110,0,40,10,0,13,0,1,0,0,0,9,1,0,2,7
S28000421,F,0,15,0,0,0,0,112,0,0,0,58,0,191,0,38,0,0,0
S28000421,F,16,24,0,59,0,5,35,21,0,23,16,5,89,25,18,11,0,43
S28000421,F,25,49,0,217,0,63,136,32,2,60,66,4,217,45,47,2,0,49
S28000421,F,50,64,0,148,0,72,17,46,0,11,0,2,16,52,16,0,0,24
S28000421,F,65,90,178,0,40,6,1,9,0,1,0,0,2,21,3,0,0,4
S28000422,M,0,15,0,0,0,0,195,0,0,0,109,0,288,0,61,0,0,0
S28000422,M,16,24,0,34,0,2,51,65,0,7,19,14,58,78,33,6,0,24
S28000422,M,25,49,0,360,0,66,213,98,4,104,108,21,18,80,44,2,0,83
S28000422,M,50,64,0,198,0,164,37,119,2,21,10,12,6,26,20,0,0,50
S28000422,M,65,90,159,0,136,24,1,34,2,2,0,2,0,18,13,0,9,20
S28000422,F,0,15,0,0,0,0,162,0,0,0,79,0,272,0,59,0,0,0
S28000422,F,16,24,0,47,0,5,43,46,0,16,28,14,103,73,34,27,0,18
S28000422,F,25,49,0,242,0,70,226,79,0,98,106,27,342,113,83,2,0,75
S28000422,F,50,64,0,224,0,170,21,104,0,25,3,10,24,77,39,0,0,48
S28000422,F,65,90,377,0,140,11,0,30,0,3,1,1,6,61,18,0,19,25
S28000423,M,0,15,0,0,0,0,297,0,0,0,83,0,177,0,70,0,0,0
S28000423,M,16,24,0,23,0,1,76,86,0,9,16,15,61,32,20,17,0,35
S28000423,M,25,49,0,208,0,89,293,132,2,103,99,18,20,97,47,0,0,97
S28000423,M,50,64,0,172,0,144,65,130,1,32,8,10,2,55,16,0,0,46
S28000423,M,65,90,224,0,217,27,2,51,1,3,0,0,1,17,9,0,9,18
S28000423,F,0,15,0,0,0,0,257,0,0,0,90,0,189,0,59,0,0,0
S28000423,F,16,24,0,9,0,2,87,57,0,21,21,5,69,42,34,33,0,28
S28000423,F,25,49,0,134,0,92,312,98,8,105,99,15,225,79,79,0,0,69
S28000423,F,50,64,0,220,0,156,40,127,0,30,5,9,31,84,23,0,0,43
S28000423,F,65,90,605,0,221,11,1,40,0,3,0,3,6,128,24,0,31,33
S28000424,M,0,15,0,0,0,0,358,0,0,0,131,0,353,0,74,0,0,0
S28000424,M,16,24,0,24,0,1,117,109,0,21,39,13,84,102,32,3,0,28
S28000424,M,25,49,0,300,0,84,373,177,0,125,154,19,28,148,68,0,0,117
S28000424,M,50,64,0,222,0,193,71,158,1,27,10,13,5,49,19,0,0,44
S28000424,M,65,90,194,0,258,44,8,64,1,8,0,1,2,22,14,0,13,23
S28000424,F,0,15,0,0,0,0,349,0,0,0,147,0,380,0,87,0,0,0
S28000424,F,16,24,0,17,0,4,109,90,0,22,34,13,119,61,47,4,0,35
S28000424,F,25,49,0,231,0,94,402,96,2,113,155,16,404,122,107,0,0,70
S28000424,F,50,64,0,250,0,215,46,162,0,40,5,13,31,133,25,0,0,51
S28000424,F,65,90,627,0,258,9,3,48,0,4,0,1,4,111,26,0,39,27
S28000425,M,0,15,0,0,0,0,273,0,0,0,101,0,278,0,53,0,0,0
S28000425,M,16,24,0,27,0,1,95,105,0,12,17,9,67,38,14,6,0,22
S28000425,M,25,49,0,291,0,85,316,141,0,87,108,6,18,83,43,7,0,75
S28000425,M,50,64,0,185,0,200,65,168,0,25,10,6,1,28,20,0,0,31
S28000425,M,65,90,201,0,260,36,2,31,0,2,1,2,0,21,9,0,15,11
S28000425,F,0,15,0,0,0,0,276,0,0,0,95,0,224,0,47,0,0,0
S28000425,F,16,24,0,10,0,2,105,85,0,7,18,3,73,58,30,8,0,15
S28000425,F,25,49,0,182,0,96,332,95,2,103,113,5,290,87,70,0,0,39
S28000425,F,50,64,0,185,0,212,44,163,0,22,1,6,28,93,23,0,0,37
S28000425,F,65,90,459,0,258,12,1,24,0,0,0,1,1,71,12,0,24,24
S28000426,M,0,15,0,0,0,0,162,0,0,0,67,0,139,0,37,0,0,0
S28000426,M,16,24,0,11,0,0,40,40,0,2,15,8,48,34,16,0,0,14
S28000426,M,25,49,0,92,0,40,178,67,0,41,62,14,8,68,32,0,0,22
S28000426,M,50,64,0,63,0,57,18,65,0,15,5,9,0,21,12,0,0,15
S28000426,M,65,90,67,0,79,16,2,23,0,4,0,2,1,13,15,0,3,12
S28000426,F,0,15,0,0,0,0,157,0,0,0,57,0,177,0,44,0,0,0
S28000426,F,16,24,0,12,0,0,39,23,0,9,14,13,43,28,16,2,0,16
S28000426,F,25,49,0,54,0,45,185,50,0,39,68,10,188,40,50,2,0,31
S28000426,F,50,64,0,83,0,68,10,61,0,14,3,12,10,59,14,0,0,23
S28000426,F,65,90,181,0,83,0,2,23,0,2,1,0,4,44,12,0,5,12
S28000427,M,0,15,0,0,0,0,231,0,0,0,160,0,464,0,138,0,0,0
S28000427,M,16,24,0,22,0,1,112,95,0,8,40,19,126,113,50,36,0,37
S28000427,M,25,49,0,202,0,61,296,146,0,100,146,14,34,132,88,6,0,112
S28000427,M,50,64,0,137,0,177,64,145,0,15,11,15,5,40,46,0,0,58
S28000427,M,65,90,187,0,190,34,2,56,0,3,1,0,2,19,18,0,16,24
S28000427,F,0,15,0,0,0,0,287,0,0,0,123,0,401,0,141,0,0,0
S28000427,F,16,24,0,13,0,0,106,55,0,10,40,5,169,84,82,4,0,21
S28000427,F,25,49,0,119,0,75,313,124,2,73,153,16,470,152,167,2,0,77
S28000427,F,50,64,0,171,0,192,43,123,0,22,8,11,50,111,61,0,0,63
S28000427,F,65,90,431,0,190,6,0,43,0,1,1,0,2,130,31,0,16,29
S28000428,M,0,15,0,0,0,0,146,0,0,0,132,0,355,0,98,0,0,0
S28000428,M,16,24,0,22,0,0,67,63,0,11,30,16,97,93,24,28,0,21
S28000428,M,25,49,0,192,0,53,166,135,0,58,128,26,26,130,74,5,0,62
S28000428,M,50,64,0,123,0,103,49,100,0,33,15,14,3,37,36,0,0,47
S28000428,M,65,90,121,0,132,32,1,44,0,3,0,3,0,25,12,0,6,15
S28000428,F,0,15,0,0,0,0,149,0,0,0,133,0,302,0,93,0,0,0
S28000428,F,16,24,0,14,0,0,62,44,0,18,37,12,124,57,61,16,0,19
S28000428,F,25,49,0,106,0,64,184,74,2,50,127,28,358,134,136,2,0,46
S28000428,F,50,64,0,157,0,117,26,98,0,32,8,17,36,84,43,0,0,53
S28000428,F,65,90,253,0,131,7,0,34,0,5,0,1,4,88,26,0,8,19
S28000429,M,0,15,0,0,0,0,1050,0,0,0,141,0,349,0,134,0,0,0
S28000429,M,16,24,0,24,0,0,285,171,0,37,28,18,112,77,50,44,0,30
S28000429,M,25,49,0,355,0,253,1129,236,9,196,175,21,39,85,136,2,0,71
S28000429,M,50,64,0,183,0,383,192,262,1,59,20,20,7,26,40,0,0,58
S28000429,M,65,90,176,0,189,54,6,45,0,5,1,1,0,18,18,0,3,14
S28000429,F,0,15,0,0,0,0,999,0,0,0,147,0,400,0,138,0,0,0
S28000429,F,16,24,0,16,0,6,284,140,0,31,47,18,148,67,67,22,0,32
S28000429,F,25,49,0,294,0,287,1227,194,5,197,188,32,422,100,164,4,0,68
S28000429,F,50,64,0,243,0,382,92,228,1,46,7,14,32,100,57,0,0,56
S28000429,F,65,90,360,0,194,15,2,35,0,5,0,0,1,61,21,0,10,20
S28000461,M,0,15,0,0,0,0,501,0,0,0,96,0,178,0,58,0,0,0
S28000461,M,16,24,0,7,0,1,227,169,0,8,20,17,53,54,30,11,0,19
S28000461,M,25,49,0,158,0,102,594,216,3,81,130,18,17,66,62,0,0,39
S28000461,M,50,64,0,80,0,293,171,279,1,36,14,15,5,28,21,0,0,45
S28000461,M,65,90,120,0,291,65,3,57,0,2,1,2,0,16,15,0,6,13
S28000461,F,0,15,0,0,0,0,495,0,0,0,105,0,158,0,58,0,0,0
S28000461,F,16,24,0,5,0,0,216,162,0,21,25,11,69,42,30,15,0,24
S28000461,F,25,49,0,98,0,120,671,199,0,78,134,20,213,68,85,0,0,38
S28000461,F,50,64,0,136,0,325,97,256,0,32,8,15,24,62,41,0,0,56
S28000461,F,65,90,336,0,291,16,1,49,0,2,0,1,1,47,15,0,8,18
S28000462,M,0,15,0,0,0,0,263,0,0,0,75,0,173,0,70,0,0,0
S28000462,M,16,24,0,5,0,0,132,111,0,19,16,3,55,65,17,5,0,23
S28000462,M,25,49,0,160,0,47,320,177,0,53,82,12,14,82,53,1,0,54
S28000462,M,50,64,0,121,0,225,85,177,2,22,9,5,2,27,21,0,0,41
S28000462,M,65,90,149,0,230,61,3,50,0,4,1,1,3,20,15,0,6,16
S28000462,F,0,15,0,0,0,0,267,0,0,0,80,0,132,0,50,0,0,0
S28000462,F,16,24,0,15,0,0,105,79,0,17,15,9,60,37,26,8,0,16
S28000462,F,25,49,0,84,0,50,349,111,1,60,87,6,188,87,78,1,0,37
S28000462,F,50,64,0,170,0,271,53,160,1,19,5,8,13,68,23,0,0,36
S28000462,F,65,90,338,0,230,12,3,44,0,0,0,0,0,86,19,0,13,16
S28000468,M,0,15,0,0,0,0,109,0,0,0,35,0,35,0,12,0,0,0
S28000468,M,16,24,0,3,0,0,39,12,0,3,5,5,7,6,5,8,0,2
S28000468,M,25,49,0,37,0,50,142,27,4,37,30,4,2,8,12,0,0,10
S28000468,M,50,64,0,16,0,33,16,19,0,3,1,3,0,4,2,0,0,2
S28000468,M,65,90,5,0,17,4,0,2,0,0,0,1,0,2,3,0,0,1
S28000468,F,0,15,0,0,0,0,120,0,0,0,20,0,33,0,10,0,0,0
S28000468,F,16,24,0,2,0,0,31,8,0,2,3,4,13,6,1,0,0,5
S28000468,F,25,49,0,32,0,56,149,19,0,31,31,6,37,10,15,0,0,5
S28000468,F,50,64,0,14,0,30,11,16,0,4,0,2,2,7,2,0,0,2
S28000468,F,65,90,9,0,17,1,0,1,0,0,0,0,0,4,3,0,2,4
S28000491,M,0,15,0,0,0,0,73,0,0,0,7,0,17,0,2,0,0,0
S28000491,M,16,24,0,0,0,2,20,18,0,2,3,3,7,5,1,2,0,2
S28000491,M,25,49,0,15,0,14,73,17,0,7,10,1,3,4,4,2,0,7
S28000491,M,50,64,0,18,0,42,22,20,0,8,1,1,2,3,4,0,0,5
S28000491,M,65,90,42,0,62,14,0,7,0,0,0,0,0,1,2,0,2,2
S28000491,F,0,15,0,0,0,0,66,0,0,0,8,0,20,0,9,0,0,0
S28000491,F,16,24,0,1,0,1,22,11,0,0,3,1,3,3,3,3,0,4
S28000491,F,25,49,0,11,0,18,77,14,0,12,10,1,18,3,8,1,0,4
S28000491,F,50,64,0,29,0,50,17,23,0,5,0,1,2,8,4,0,0,7
S28000491,F,65,90,75,0,66,3,0,4,0,0,0,0,1,3,1,0,0,3
